<navigation id="KoolMenu" title="PHP Menu Demo">
	<category id="root">
		<link id="Overview" text="Overview" link="index.php" />
		<category id="Appearance" text="Appearance">
			
			<link 	id="Styles" 
					text="Styles"
					link="Appearance/Styles/index.php" 
					new="false"/>		
		</category>	
		<category id="Features" text="Features">	

			<link 	id="FirstLook" 
					text="First Look"
					link="Features/FirstLook/index.php" 
					new="false"/>

							
			<link 	id="Item_Flow" 
					text="Item Flow"
					link="Features/Item_Flow/index.php" 
					new="false"/>

			<link 	id="Effect" 
					text="Effect"
					link="Features/Effect/index.php" 
					new="false"/>	
					
			<link 	id="Expand_Direction" 
					text="Expand Direction"
					link="Features/Expand_Direction/index.php" 
					new="false"/>
					
					
		</category>
		<category id="ContextMenu" text="ContextMenu">
			<link 	id="ContextMenu_Basic" 
					text="Basic"
					link="ContextMenu/Basic/index.php" 
					new="false"/>
		</category>
		<category id="Client_Side_API" text="Client-side API">
			
			<link 	id="ClientEvents" 
					text="ClientEvents"
					link="Client_Side_API/ClientEvents/index.php" 
					new="false"/>
					
		</category>
					
	</category>
</navigation>