<?xml version="1.0" encoding="utf-8"?>
<example id="AutoGenerateColumns" usedb="true">
	<title>AutoGenerateColumns</title>
	<metakeywords>php grid, php ajax grid, php datagrid, php gridview, ajax grid php</metakeywords>	 
	<metadescription>KoolGrid supports auto-generating columns from your database. </metadescription>
	<description>
		<![CDATA[ 
KoolGrid supports auto-generating columns from your database. This feature is extremely useful in saving your time.
<ul>
<li>- <b>$AutoGenerateColumns</b> : Create columns base on the sql query</li>
<li>- <b>$AutoGenerateRowSelectColumn</b> : Create Row Select Column</li>
<li>- <b>$AutoGenerateDeleteColumn</b> : Create Delete button column</li>
<li>- <b>$AutoGenerateEditColumn</b> : Create Edit button column</li>
<li>- <b>$AutoGenerateExpandColumn</b> : Create DetailTable Expand Column</li>

</ul>
		]]>		
	</description>
	
	<samplecodes>
		<code header="Example.php">
			<![CDATA[
<?php
	require $KoolControlsFolder."/KoolAjax/koolajax.php";
	$koolajax->scriptFolder = $KoolControlsFolder."/KoolAjax";

	require $KoolControlsFolder."/KoolGrid/koolgrid.php";
	require $KoolControlsFolder."/KoolGrid/ext/datasources/MySQLiDataSource.php";
	$ds = new MySQLiDataSource($db_con);//This $db_con link has been created inside KoolPHPSuite/Resources/runexample.php
	$ds->SelectCommand = "select customerNumber as pk, customerNumber,customerName,phone,city from customers";
	$ds->UpdateCommand = "update customers set customerNumber=@customerNumber, customerName='@customerName', phone='@phone', city='@city' where customerNumber=@pk";
	$ds->DeleteCommand = "delete from customers where customerNumber=@pk";
	$ds->InsertCommand = "insert into customers (customerNumber,customerName,phone,city) values (@customerNumber,'@customerName','@phone','@city');";

	$grid = new KoolGrid("grid");
	$grid->scriptFolder = $KoolControlsFolder."/KoolGrid";
	$grid->styleFolder="default";
	$grid->DataSource = $ds;
	$grid->Width = "655px";
	$grid->AllowEditing = true;
	$grid->AllowDeleting = true;
	

	$grid->AjaxEnabled = true;

	$grid->AutoGenerateRowSelectColumn = true;
	$grid->AutoGenerateColumns = true;
	$grid->DisableAutoGenerateDataFields = "pk";
	$grid->AutoGenerateDeleteColumn = true;
	$grid->AutoGenerateEditColumn = true;
	
	$grid->MasterTable->Pager = new GridPrevNextAndNumericPager();
	
	$grid->Process();
?>

<form id="form1" method="post">
	<?php echo $koolajax->Render();?>
	<?php echo $grid->Render();?>
</form>


			]]>			
		</code>			
	</samplecodes>
	<docs>
		<doc link="http://doc.koolphp.net/Controls/KoolGrid/PHP/KoolGrid/index.php#AutoGenerateColumns">AutoGenerateColumns</doc>
		<doc link="http://doc.koolphp.net/Controls/KoolGrid/PHP/KoolGrid/index.php#AutoGenerateDeleteColumn">AutoGenerateDeleteColumn</doc>
		<doc link="http://doc.koolphp.net/Controls/KoolGrid/PHP/KoolGrid/index.php#AutoGenerateEditColumn">AutoGenerateEditColumn</doc>
		<doc link="http://doc.koolphp.net/Controls/KoolGrid/PHP/KoolGrid/index.php#AutoGenerateExpandColumn">AutoGenerateExpandColumn</doc>
		<doc link="http://doc.koolphp.net/Controls/KoolGrid/PHP/KoolGrid/index.php#AutoGenerateRowSelectColumn">AutoGenerateRowSelectColumn</doc>
	</docs>
</example>
