<navigation id="KoolPivotTable" title="PHP Pivot Table Demo">
	<category id="root">
		<link id="overview" text="Overview" link="index.php" />
		<category id="Firstlook" text="First Look">
			<link 	id="TheFirstlook" 
					text="First Look"
					link="Firstlook/Firstlook/index.php" 
					new="false"/>
		</category>
        <category id="Display" text="Display">
			<link 	id="Right_to_left" 
					text="Right to left"
					link="Display/Right_to_left/index.php" 
					new="true"/>
		</category>
		<category id="Features" text="Features">
			<link 	id="Reorder" 
					text="Reorder"
					link="Features/Reorder/index.php" 
					new="false"/>
            
			<link 	id="Scrolling" 
					text="Scrolling"
					link="Features/Scrolling/index.php" 
					new="false"/>
			<link 	id="Sorting" 
					text="Sorting"
					link="Features/Sorting/index.php" 
					new="false"/>
			
			<link 	id="SortingData" 
					text="Sorting Data"
					link="Features/SortingData/index.php" 
					new="false"/>
			
			<link 	id="Export" 
					text="Export"
					link="Features/Export/index.php" 
					new="new"/>
			
			<link 	id="Localization" 
					text="Localization"
					link="Features/Localization/index.php" 
					new="false"/>

			<link 	id="Filters" 
					text="Filters"
					link="Features/Filters/index.php" 
					new="false"/>
            
            <link 	id="ShowGrandRowCol" 
					text="Show/Hide Grand Row/Column"
					link="Features/ShowGrandRowCol/index.php" 
					new="true"/>

		</category>
		<category id="Advanced" text="Advanced">
			<link 	id="Value_Mapping" 
					text="Value Mapping"
					link="Advanced/Value_Mapping/index.php" 
					new="true"/>
		</category>                

	</category>
</navigation>
